<updates>
    <update>
		<name>SCSS Compiler</name>
		<description></description>
        <infourl>https://github.com/caru80/tplhead/releases</infourl>
		<element>plg_system_scsscompiler</element>
		<version>0.3.1</version>
		<type>module</type>
		<client>0</client>
		<folder/>
		<downloads>
			<downloadurl type="full" format="zip">https://github.com/caru80/tpl_head/raw/master/dist/plg_system_scsscompiler_0.3.1.zip</downloadurl>
		</downloads>
		<tags>
			<tag>stable</tag>
		</tags>
		<maintainer>HEAD. MARKETING GmbH</maintainer>
		<maintainerurl>https://www.headmarketing.de</maintainerurl>
		<targetplatform name="joomla" version="3.[8910]" />
		<php_minimum>5.6.0</php_minimum>
	</update>
</updates>