<?xml version="1.0" encoding="utf-8"?>
<!DOCTYPE install PUBLIC "-//Joomla! 2.5//DTD template 1.0//EN" "http://www.joomla.org/xml/dtd/1.6/template-install.dtd">
<extension version="3.8" type="template" client="site" method="upgrade">
	<name>head</name>
	<creationDate>2018-04-04</creationDate>
	<author>Carsten Ruppert</author>
	<authorEmail>webmaster@headmarketing.de</authorEmail>
	<authorUrl>http://www.headmarketing.de</authorUrl>
	<copyright>Copyright (c)2018 HEAD. MARKETING GmbH</copyright>
	<license></license>
	<version>1.1.0</version>
	<description>Template HEAD.</description>
	<files>
		<folder>css</folder>
		<folder>fonts</folder>
		<folder>helper</folder>
		<folder>html</folder>
		<folder>images</folder>
		<folder>js</folder>
		<folder>language</folder>
		<folder>less</folder>
		<folder>site</folder>
		<filename>ajax_loadcomponent.php</filename>
		<filename>ajax_loadmodule.php</filename>
		<filename>ajax_plain.php</filename>
		<filename>app_manifest.json</filename>
		<filename>CHANGELOG.txt</filename>
		<filename>component.php</filename>
		<filename>error.php</filename>
		<filename>index.php</filename>
		<filename>index.html</filename>
		<filename>template_thumbnail.png</filename>
		<filename>templateDetails.xml</filename>
	</files>
	<languages folder="language">
		<language tag="de-DE">de-DE.tpl_head.ini</language>
		<language tag="de-DE">de-DE.tpl_head.sys.ini</language>
	</languages>
	<positions>
		<position>debug</position>
		<position>position-0</position>
		<position>position-1</position>
		<position>position-2</position>
		<position>position-3</position>
		<position>position-4</position>
		<position>position-5</position>
		<position>position-6</position>
		<position>position-7</position>
		<position>position-8</position>
		<position>position-9</position>
		<position>position-10</position>
		<position>position-11</position>
		<position>position-12</position>
		<position>position-13</position>
		<position>position-14</position>
		<position>user-1</position>
		<position>user-2</position>
		<position>user-3</position>
		<position>user-4</position>
	</positions>
</extension>
